Title,Model,Code Type,LOC,Errors,options remain unchanged,trailing-whitespace,undefined-variable,redefined-builtin,wildcard-import,return-outside-function,bad-continuation,used-before-assignment,too-many-locals,missing-docstring,too-few-public-methods,invalid-name,pointless-statement,blacklisted-name,trailing-comma-tuple,parse-error,unused-import,bare-except,anomalous-backslash-in-string,unused-argument,trailing-newlines,no-self-use,import-error,redefined-outer-name,relative-beyond-top-level,line-too-long,syntax-error,too-many-arguments,bad-whitespace,Other Errors
trend-archive,https://raw.githubusercontent.com/rip-tyang/trend-archive/main/save_raw.py,python,46,{'missing-docstring': 1},0,0,0,0,0,0,0,0,0,1,0,0,0,0,0,0,0,0,0,0,0,0,0,0,0,0,0,0,0,0
rapidtide,https://raw.githubusercontent.com/bbfrederick/rapidtide/main/revversion.py,python,17,{'missing-docstring': 1},0,0,0,0,0,0,0,0,0,1,0,0,0,0,0,0,0,0,0,0,0,0,0,0,0,0,0,0,0,0
acestream-search,https://raw.githubusercontent.com/malomehi/acestream-search/master/setup.py,python,30,{'missing-docstring': 1},0,0,0,0,0,0,0,0,0,1,0,0,0,0,0,0,0,0,0,0,0,0,0,0,0,0,0,0,0,0
gemini-ai-toolkit,https://raw.githubusercontent.com/RMNCLDYO/gemini-ai-toolkit/main/config.py,python,32,"{'line-too-long': 2, 'trailing-whitespace': 1, 'missing-docstring': 1}",0,1,0,0,0,0,0,0,0,1,0,0,0,0,0,0,0,0,0,0,0,0,0,0,0,2,0,0,0,0
ReVanced-Patch-Bundles,https://raw.githubusercontent.com/Jman-Github/ReVanced-Patch-Bundles/bundles/generate_bundles.py,python,81,"{'line-too-long': 7, 'trailing-whitespace': 5, 'missing-final-newline': 1, 'mixed-line-endings': 1, 'missing-docstring': 1}",0,5,0,0,0,0,0,0,0,1,0,0,0,0,0,0,0,0,0,0,0,0,0,0,0,7,0,0,0,2
anigamerdatabase,https://raw.githubusercontent.com/kirbyloco/anigamerdatabase/master/main.py,python,60,"{'line-too-long': 1, 'missing-docstring': 1, 'invalid-name': 3}",0,0,0,0,0,0,0,0,0,1,0,3,0,0,0,0,0,0,0,0,0,0,0,0,0,1,0,0,0,0
map2loop,https://raw.githubusercontent.com/Loop3D/map2loop/master/setup.py,python,61,{'missing-docstring': 1},0,0,0,0,0,0,0,0,0,1,0,0,0,0,0,0,0,0,0,0,0,0,0,0,0,0,0,0,0,0
kebbie,https://raw.githubusercontent.com/FleksySDK/kebbie/main/setup.py,python,55,"{'line-too-long': 1, 'missing-docstring': 1}",0,0,0,0,0,0,0,0,0,1,0,0,0,0,0,0,0,0,0,0,0,0,0,0,0,1,0,0,0,0
bsc-predict-updater,https://raw.githubusercontent.com/bsc-predict/bsc-predict-updater/master/update.py,python,18,"{'bad-indentation': 5, 'missing-docstring': 1}",0,0,0,0,0,0,0,0,0,1,0,0,0,0,0,0,0,0,0,0,0,0,0,0,0,0,0,0,0,5
GlasgowBikingAPI,https://raw.githubusercontent.com/vyrzdev/GlasgowBikingAPI/master/main.py,python,43,{'missing-docstring': 1},0,0,0,0,0,0,0,0,0,1,0,0,0,0,0,0,0,0,0,0,0,0,0,0,0,0,0,0,0,0
jinja2,https://raw.githubusercontent.com/codeabuu/jinja2/main/amdefiguy.py,python,10,{'missing-docstring': 1},0,0,0,0,0,0,0,0,0,1,0,0,0,0,0,0,0,0,0,0,0,0,0,0,0,0,0,0,0,0
time-commit,https://raw.githubusercontent.com/BlueSkyClouds/time-commit/master/start_action.py,python,23,{'missing-docstring': 1},0,0,0,0,0,0,0,0,0,1,0,0,0,0,0,0,0,0,0,0,0,0,0,0,0,0,0,0,0,0
v2ex-hot-hub,https://raw.githubusercontent.com/lonnyzhang423/v2ex-hot-hub/main/v2ex.py,python,50,"{'line-too-long': 1, 'missing-docstring': 1}",0,0,0,0,0,0,0,0,0,1,0,0,0,0,0,0,0,0,0,0,0,0,0,0,0,1,0,0,0,0
isyuricunha,https://raw.githubusercontent.com/isyuricunha/isyuricunha/master/update_readme.py,python,64,{'parse-error': 1},0,0,0,0,0,0,0,0,0,0,0,0,0,0,0,1,0,0,0,0,0,0,0,0,0,0,0,0,0,0
desk_item_shop,https://raw.githubusercontent.com/kim-taeseong/desk_item_shop/main/manage.py,python,22,{},0,0,0,0,0,0,0,0,0,0,0,0,0,0,0,0,0,0,0,0,0,0,0,0,0,0,0,0,0,0
ustvgo-tvguide,https://raw.githubusercontent.com/interlark/ustvgo-tvguide/master/ustvgo_iptv.py,python,45,{'missing-docstring': 1},0,0,0,0,0,0,0,0,0,1,0,0,0,0,0,0,0,0,0,0,0,0,0,0,0,0,0,0,0,0
whatsapp-cidr,https://raw.githubusercontent.com/HybridNetworks/whatsapp-cidr/main/main.py,python,276,"{'bad-whitespace': 1, 'line-too-long': 10, 'trailing-whitespace': 2, ""'. String constant might be missing an r prefix. (anomalous-backslash-in-string"": 1, 'anomalous-backslash-in-string': 1, 'missing-docstring': 1}",0,2,0,0,0,0,0,0,0,1,0,0,0,0,0,0,0,0,1,0,0,0,0,0,0,10,0,0,1,1
chrome_installer,https://raw.githubusercontent.com/Bush2021/chrome_installer/main/download.py,python,62,{'missing-docstring': 1},0,0,0,0,0,0,0,0,0,1,0,0,0,0,0,0,0,0,0,0,0,0,0,0,0,0,0,0,0,0
github-stats,https://raw.githubusercontent.com/spianmo/github-stats/master/generate_images.py,python,137,"{'missing-final-newline': 132, '': 8, 'bad-whitespace': 20, '""generated""': 1, 's: Stats': 2, '""templates/overview.svg"", ""r""': 1, '""generated/overview.svg"", ""w""': 1, '""templates/languages.svg"", ""r""': 1, 'await s.languages': 1, '""size""': 1, 'bad-continuation': 20, 'lang, data': 1, 'sorted_languages': 1, '""generated/languages.svg"", ""w""': 1, '"",""': 2, 'missing-docstring': 1}",0,0,0,0,0,0,20,0,0,1,0,0,0,0,0,0,0,0,0,0,0,0,0,0,0,0,0,0,20,153
getgrass,https://raw.githubusercontent.com/Zlkcyber/getgrass/main/getproxy.py,python,33,"{'trailing-newlines': 1, 'missing-docstring': 1}",0,0,0,0,0,0,0,0,0,1,0,0,0,0,0,0,0,0,0,0,1,0,0,0,0,0,0,0,0,0
cdc-data-mirror,https://raw.githubusercontent.com/peter279k/cdc-data-mirror/master/pcloud_uploader.py,python,23,"{'line-too-long': 1, 'missing-docstring': 1}",0,0,0,0,0,0,0,0,0,1,0,0,0,0,0,0,0,0,0,0,0,0,0,0,0,1,0,0,0,0
cv-arxiv-daily,https://raw.githubusercontent.com/Xuchen-Li/cv-arxiv-daily/master/daily_arxiv.py,python,397,"{'fixme': 7, 'config_file:str': 1, 'bad-whitespace': 94, 'filters:list': 1, 'trailing-whitespace': 43, '': 8, ""config_file,'r'"": 1, 'f,Loader=yaml.FullLoader': 1, 'authors, first_author = False': 1, 'qword:str': 1, '""\\n"","" ""': 2, 'result.authors': 1, 'result.authors,first_author = True': 3, 'bad-continuation': 6, 'line-too-long': 4, 'filename,""r""': 3, 'update_time,paper_title,paper_first_author,paper_url,code_url': 4, ""'|null|',f'|**[link]({repo_url}"": 1, 'filename,""w""': 2, 'json_data,f': 2, 'filename,data_dict': 1, 's:str': 1, ""'-','.'"": 1, 'md_filename,""w+""': 1, 'md_filename,""a+""': 1, ""' ','-'"": 3, ""'.',''"": 2, 'json_file,data_collector': 2, ""json_file,md_file, task ='Update Readme'"": 2, 'missing-docstring': 1}",0,43,0,0,0,0,6,0,0,1,0,0,0,0,0,0,0,0,0,0,0,0,0,0,0,4,0,0,94,53
NRD,https://raw.githubusercontent.com/dontcrash/NRD/main/update.py,python,49,"{'missing-final-newline': 48, 'domain': 1, 'bad-whitespace': 11, 'components': 1, ""'.'"": 1, '': 2, 'directory': 1, '""||""': 1, ""filename, 'w'"": 1, 'missing-docstring': 1}",0,0,0,0,0,0,0,0,0,1,0,0,0,0,0,0,0,0,0,0,0,0,0,0,0,0,0,0,11,56
gsy-framework,https://raw.githubusercontent.com/gridsingularity/gsy-framework/master/setup.py,python,32,{'missing-docstring': 1},0,0,0,0,0,0,0,0,0,1,0,0,0,0,0,0,0,0,0,0,0,0,0,0,0,0,0,0,0,0
Tor-Hidden-Services,https://raw.githubusercontent.com/The-Hidden-Wiki-URLs/Tor-Hidden-Services/main/Tor-Hidden-Services.py,python,70,{'syntax-error': 1},0,0,0,0,0,0,0,0,0,0,0,0,0,0,0,0,0,0,0,0,0,0,0,0,0,0,1,0,0,0
grheat,https://raw.githubusercontent.com/scottprahl/grheat/main/setup.py,python,38,{},0,0,0,0,0,0,0,0,0,0,0,0,0,0,0,0,0,0,0,0,0,0,0,0,0,0,0,0,0,0
pokemon-scare,https://raw.githubusercontent.com/isyuricunha/pokemon-scare/main/generate.py,python,14,{'missing-docstring': 1},0,0,0,0,0,0,0,0,0,1,0,0,0,0,0,0,0,0,0,0,0,0,0,0,0,0,0,0,0,0
v2ex-hot-hub,https://raw.githubusercontent.com/SnailDev/v2ex-hot-hub/main/v2ex.py,python,50,"{'line-too-long': 1, 'missing-docstring': 1}",0,0,0,0,0,0,0,0,0,1,0,0,0,0,0,0,0,0,0,0,0,0,0,0,0,1,0,0,0,0
PKScreener,https://raw.githubusercontent.com/pkjmesra/PKScreener/main/setup.py,python,132,{'line-too-long': 2},0,0,0,0,0,0,0,0,0,0,0,0,0,0,0,0,0,0,0,0,0,0,0,0,0,2,0,0,0,0
amdefiguy,https://raw.githubusercontent.com/amdefiguy/amdefiguy/main/amdefiguy.py,python,10,{'missing-docstring': 1},0,0,0,0,0,0,0,0,0,1,0,0,0,0,0,0,0,0,0,0,0,0,0,0,0,0,0,0,0,0
LeetCodePython,https://raw.githubusercontent.com/wtain/LeetCodePython/master/Main.py,python,42,{'missing-docstring': 1},0,0,0,0,0,0,0,0,0,1,0,0,0,0,0,0,0,0,0,0,0,0,0,0,0,0,0,0,0,0
algo-trading-schwab,https://raw.githubusercontent.com/jononon/algo-trading-schwab/master/dynamodb.py,python,45,"{'bad-continuation': 1, 'missing-final-newline': 1, 'mixed-line-endings': 1, 'missing-docstring': 1}",0,0,0,0,0,0,1,0,0,1,0,0,0,0,0,0,0,0,0,0,0,0,0,0,0,0,0,0,0,2
dayforce-client,https://raw.githubusercontent.com/goodeggs/dayforce-client/master/setup.py,python,49,{'missing-docstring': 1},0,0,0,0,0,0,0,0,0,1,0,0,0,0,0,0,0,0,0,0,0,0,0,0,0,0,0,0,0,0
toshiki-github-stats,https://raw.githubusercontent.com/andatoshiki/toshiki-github-stats/master/generate_images.py,python,137,{'missing-docstring': 1},0,0,0,0,0,0,0,0,0,1,0,0,0,0,0,0,0,0,0,0,0,0,0,0,0,0,0,0,0,0
community-bundles,https://raw.githubusercontent.com/indrastorms/community-bundles/main/gen_bundle.py,python,59,"{'repo_url, prerelease = False': 1, 'bad-whitespace': 1, ""'prerelease', False"": 2, 'bad-continuation': 2, 'line-too-long': 1, 'missing-docstring': 1}",0,0,0,0,0,0,2,0,0,1,0,0,0,0,0,0,0,0,0,0,0,0,0,0,0,1,0,0,1,3
webScrap,https://raw.githubusercontent.com/cmpaulo/webScrap/main/scrap_olx_bike_v1.py,python,238,{'parse-error': 1},0,0,0,0,0,0,0,0,0,0,0,0,0,0,0,1,0,0,0,0,0,0,0,0,0,0,0,0,0,0
Crypto-Price-Prediction-System,https://raw.githubusercontent.com/VAIBHAVPATEL97/Crypto-Price-Prediction-System/master/data-fetcher.py,python,65,"{'bad-whitespace': 7, 'line-too-long': 1, ""'Time',inplace=True"": 1, 'float': 3, ""path + pair + '.json' , orient='split'"": 1, 'trailing-whitespace': 4, 'missing-docstring': 1, 'import-error': 1}",0,4,0,0,0,0,0,0,0,1,0,0,0,0,0,0,0,0,0,0,0,0,1,0,0,1,0,0,7,5
cloud_sizes,https://raw.githubusercontent.com/seligman/cloud_sizes/master/get_all.py,python,214,"{'bad-whitespace': 1, 'line-too-long': 6, 'trailing-whitespace': 1, 'missing-docstring': 1}",0,1,0,0,0,0,0,0,0,1,0,0,0,0,0,0,0,0,0,0,0,0,0,0,0,6,0,0,1,0
nan-u,https://raw.githubusercontent.com/Intina47/nan-u/main/app.py,python,55,{'parse-error': 1},0,0,0,0,0,0,0,0,0,0,0,0,0,0,0,1,0,0,0,0,0,0,0,0,0,0,0,0,0,0
SmashTwitterBot,https://raw.githubusercontent.com/joaorb64/SmashTwitterBot/master/drawResults.py,python,399,{'parse-error': 1},0,0,0,0,0,0,0,0,0,0,0,0,0,0,0,1,0,0,0,0,0,0,0,0,0,0,0,0,0,0
crcproject,https://raw.githubusercontent.com/hsnucrc46/crcproject/main/main.py,python,17,"{'missing-docstring': 1, 'redefined-builtin': 1}",0,0,0,1,0,0,0,0,0,1,0,0,0,0,0,0,0,0,0,0,0,0,0,0,0,0,0,0,0,0
domains,https://raw.githubusercontent.com/voken1000g/domains/master/main.py,python,176,{'parse-error': 1},0,0,0,0,0,0,0,0,0,0,0,0,0,0,0,1,0,0,0,0,0,0,0,0,0,0,0,0,0,0
SpeechTranscription,https://raw.githubusercontent.com/oss-slu/SpeechTranscription/main/diarizationAndTranscription.py,python,93,"{'bad-indentation': 3, 'int': 1, 'bad-whitespace': 2, 'trailing-whitespace': 7, 'line-too-long': 2, 'anomalous-backslash-in-string': 1, 'missing-docstring': 1}",0,7,0,0,0,0,0,0,0,1,0,0,0,0,0,0,0,0,1,0,0,0,0,0,0,2,0,0,2,4
ISHate,https://raw.githubusercontent.com/benjaminocampo/ISHate/main/setup.py,python,10,{'missing-docstring': 1},0,0,0,0,0,0,0,0,0,1,0,0,0,0,0,0,0,0,0,0,0,0,0,0,0,0,0,0,0,0
biniou,https://raw.githubusercontent.com/Woolverine94/biniou/main/__init__.py,python,1,{},0,0,0,0,0,0,0,0,0,0,0,0,0,0,0,0,0,0,0,0,0,0,0,0,0,0,0,0,0,0
playlist-generator,https://raw.githubusercontent.com/YoCodeCrafters/playlist-generator/main/main.py,python,5,{'missing-docstring': 1},0,0,0,0,0,0,0,0,0,1,0,0,0,0,0,0,0,0,0,0,0,0,0,0,0,0,0,0,0,0
github-stats,https://raw.githubusercontent.com/marcreichel/github-stats/master/generate_images.py,python,137,"{'missing-final-newline': 132, '': 8, 'bad-whitespace': 20, '""generated""': 1, 's: Stats': 2, '""templates/overview.svg"", ""r""': 1, '""generated/overview.svg"", ""w""': 1, '""templates/languages.svg"", ""r""': 1, 'await s.languages': 1, '""size""': 1, 'bad-continuation': 20, 'lang, data': 1, 'sorted_languages': 1, '""generated/languages.svg"", ""w""': 1, '"",""': 2, 'missing-docstring': 1}",0,0,0,0,0,0,20,0,0,1,0,0,0,0,0,0,0,0,0,0,0,0,0,0,0,0,0,0,20,153
ICONProject,https://raw.githubusercontent.com/Transcranial-Solutions/ICONProject/master/basetransactions.py,python,71,"{'bad-indentation': 1, 'trailing-whitespace': 4, 'line-too-long': 1, 'bad-whitespace': 1, 'bad-continuation': 5, 'missing-final-newline': 1, 'mixed-line-endings': 1, 'missing-docstring': 1}",0,4,0,0,0,0,5,0,0,1,0,0,0,0,0,0,0,0,0,0,0,0,0,0,0,1,0,0,1,3
who-unfollow-you,https://raw.githubusercontent.com/KuangjuX/who-unfollow-you/main/unfollow.py,python,21,"{'trailing-newlines': 1, 'missing-docstring': 1}",0,0,0,0,0,0,0,0,0,1,0,0,0,0,0,0,0,0,0,0,1,0,0,0,0,0,0,0,0,0
YouTube_to_m3u,https://raw.githubusercontent.com/Nuttypro69/YouTube_to_m3u/main/autoCRON.py,python,31,"{'missing-final-newline': 30, 'bad-whitespace': 5, 'missing-docstring': 1}",0,0,0,0,0,0,0,0,0,1,0,0,0,0,0,0,0,0,0,0,0,0,0,0,0,0,0,0,5,30
telegram-animals,https://raw.githubusercontent.com/Deer-Spangle/telegram-animals/main/main.py,python,24,{'missing-docstring': 1},0,0,0,0,0,0,0,0,0,1,0,0,0,0,0,0,0,0,0,0,0,0,0,0,0,0,0,0,0,0
Toffee-Channels-Link-Headers,https://raw.githubusercontent.com/byte-capsule/Toffee-Channels-Link-Headers/main/decrypt.py,python,23,"{'bad-whitespace': 1, 'trailing-whitespace': 1, 'missing-docstring': 1}",0,1,0,0,0,0,0,0,0,1,0,0,0,0,0,0,0,0,0,0,0,0,0,0,0,0,0,0,1,0
FanCode-Hls-Fetcher,https://raw.githubusercontent.com/byte-capsule/FanCode-Hls-Fetcher/main/decrypt.py,python,22,"{'bad-whitespace': 1, 'trailing-whitespace': 1, 'missing-final-newline': 1, 'mixed-line-endings': 1, 'missing-docstring': 1}",0,1,0,0,0,0,0,0,0,1,0,0,0,0,0,0,0,0,0,0,0,0,0,0,0,0,0,0,1,2
github-stats,https://raw.githubusercontent.com/corgan2222/github-stats/master/generate_images.py,python,120,"{'missing-final-newline': 115, '': 4, 'bad-whitespace': 17, '""generated""': 1, 's: Stats': 2, '""templates/overview.svg"", ""r""': 1, '""generated/overview.svg"", ""w""': 1, '""templates/languages.svg"", ""r""': 1, '(await s.languages': 1, 'lang, data': 1, 'sorted_languages': 1, '""generated/languages.svg"", ""w""': 1, 'missing-docstring': 1}",0,0,0,0,0,0,0,0,0,1,0,0,0,0,0,0,0,0,0,0,0,0,0,0,0,0,0,0,17,129
github-stats,https://raw.githubusercontent.com/eri/github-stats/master/generate_images.py,python,137,"{'missing-final-newline': 132, '': 8, 'bad-whitespace': 20, '""generated""': 1, 's: Stats': 2, '""templates/overview.svg"", ""r""': 1, '""generated/overview.svg"", ""w""': 1, '""templates/languages.svg"", ""r""': 1, 'await s.languages': 1, '""size""': 1, 'bad-continuation': 20, 'lang, data': 1, 'sorted_languages': 1, '""generated/languages.svg"", ""w""': 1, '"",""': 2, 'missing-docstring': 1}",0,0,0,0,0,0,20,0,0,1,0,0,0,0,0,0,0,0,0,0,0,0,0,0,0,0,0,0,20,153
debtors-scraper,https://raw.githubusercontent.com/franciscobmacedo/debtors-scraper/main/run.py,python,16,"{'missing-docstring': 1, 'import-error': 4}",0,0,0,0,0,0,0,0,0,1,0,0,0,0,0,0,0,0,0,0,0,0,4,0,0,0,0,0,0,0
githubStats,https://raw.githubusercontent.com/MaDrCloudDev/githubStats/master/generate_images.py,python,137,"{'missing-final-newline': 132, '': 8, 'bad-whitespace': 20, '""generated""': 1, 's: Stats': 2, '""templates/overview.svg"", ""r""': 1, '""generated/overview.svg"", ""w""': 1, '""templates/languages.svg"", ""r""': 1, 'await s.languages': 1, '""size""': 1, 'bad-continuation': 20, 'lang, data': 1, 'sorted_languages': 1, '""generated/languages.svg"", ""w""': 1, '"",""': 2, 'missing-docstring': 1}",0,0,0,0,0,0,20,0,0,1,0,0,0,0,0,0,0,0,0,0,0,0,0,0,0,0,0,0,20,153
validator_queue_monitoring,https://raw.githubusercontent.com/gonlad-x/validator_queue_monitoring/main/beacon_api.py,python,86,"{'line-too-long': 7, 'missing-docstring': 1}",0,0,0,0,0,0,0,0,0,1,0,0,0,0,0,0,0,0,0,0,0,0,0,0,0,7,0,0,0,0
airpg,https://raw.githubusercontent.com/michaelgruenstaeudl/airpg/main/setup.py,python,39,"{'line-too-long': 4, '': 1, 'bad-whitespace': 1, 'missing-docstring': 1}",0,0,0,0,0,0,0,0,0,1,0,0,0,0,0,0,0,0,0,0,0,0,0,0,0,4,0,0,1,1
sethlabadie,https://raw.githubusercontent.com/sethlabadie/sethlabadie/main/blog-posts.py,python,38,{'missing-docstring': 1},0,0,0,0,0,0,0,0,0,1,0,0,0,0,0,0,0,0,0,0,0,0,0,0,0,0,0,0,0,0
get_v2,https://raw.githubusercontent.com/ronghuaxueleng/get_v2/main/get_clash.py,python,56,{'missing-docstring': 1},0,0,0,0,0,0,0,0,0,1,0,0,0,0,0,0,0,0,0,0,0,0,0,0,0,0,0,0,0,0
scout.wine,https://raw.githubusercontent.com/bethanyjoy/scout.wine/main/parse.py,python,2396,{'parse-error': 1},0,0,0,0,0,0,0,0,0,0,0,0,0,0,0,1,0,0,0,0,0,0,0,0,0,0,0,0,0,0
LKAN,https://raw.githubusercontent.com/Indoxer/LKAN/main/kan.py,python,47,"{'missing-docstring': 1, 'import-error': 6}",0,0,0,0,0,0,0,0,0,1,0,0,0,0,0,0,0,0,0,0,0,0,6,0,0,0,0,0,0,0
GenAIAssistant,https://raw.githubusercontent.com/Teccon1998/GenAIAssistant/master/Login.py,python,53,"{""'tlsCAFile'"": 1, 'bad-whitespace': 1, 'missing-docstring': 1, 'import-error': 3}",0,0,0,0,0,0,0,0,0,1,0,0,0,0,0,0,0,0,0,0,0,0,3,0,0,0,0,0,1,1
vipy,https://raw.githubusercontent.com/visym/vipy/master/setup.py,python,79,"{'trailing-whitespace': 2, 'line-too-long': 3, 'bad-whitespace': 6, 'missing-docstring': 1}",0,2,0,0,0,0,0,0,0,1,0,0,0,0,0,0,0,0,0,0,0,0,0,0,0,3,0,0,6,0
news-api,https://raw.githubusercontent.com/pranavpk404/news-api/main/main.py,python,57,"{'trailing-whitespace': 1, 'missing-docstring': 1}",0,1,0,0,0,0,0,0,0,1,0,0,0,0,0,0,0,0,0,0,0,0,0,0,0,0,0,0,0,0
github-stats,https://raw.githubusercontent.com/Necione/github-stats/master/generate_images.py,python,137,"{'missing-final-newline': 132, '': 8, 'bad-whitespace': 20, '""generated""': 1, 's: Stats': 2, '""templates/overview.svg"", ""r""': 1, '""generated/overview.svg"", ""w""': 1, '""templates/languages.svg"", ""r""': 1, 'await s.languages': 1, '""size""': 1, 'bad-continuation': 20, 'lang, data': 1, 'sorted_languages': 1, '""generated/languages.svg"", ""w""': 1, '"",""': 2, 'missing-docstring': 1}",0,0,0,0,0,0,20,0,0,1,0,0,0,0,0,0,0,0,0,0,0,0,0,0,0,0,0,0,20,153
covid-19,https://raw.githubusercontent.com/bxff/covid-19/master/Scrap_wayback.py,python,138,"{'trailing-whitespace': 2, 'line-too-long': 4, 'missing-docstring': 1, 'import-error': 3, 'wildcard-import': 1}",0,2,0,0,1,0,0,0,0,1,0,0,0,0,0,0,0,0,0,0,0,0,3,0,0,4,0,0,0,0
forem-reports,https://raw.githubusercontent.com/szabgab/forem-reports/main/report.py,python,284,"{'url, headers = headers': 1, 'bad-whitespace': 16, 'line-too-long': 7, 'bad-indentation': 1, ""'--html',    help='Generate the HTML report', action='store_true'"": 1, ""'--stats',   help='Generate stats', action='store_true'"": 1, ""'--host',    help='The hostname of the Forem site', required=True"": 1, ""'--public',  help='No need for API_KEY', action='store_true'"": 1, 'trailing-newlines': 1, 'missing-docstring': 1}",0,0,0,0,0,0,0,0,0,1,0,0,0,0,0,0,0,0,0,0,1,0,0,0,0,7,0,0,16,6
google-dev-blog-rss,https://raw.githubusercontent.com/conoro/google-dev-blog-rss/main/bring_back_reader.py,python,86,"{'missing-final-newline': 86, '': 2, 'bad-whitespace': 8, '""displaytitle"", """"': 2, 'bad-continuation': 6, '""image"", """"': 2, '""summary"", """"': 2, '""url"", """"': 2, '""timestamp"", """"': 1, 'line-too-long': 1, 'mixed-line-endings': 1, 'missing-docstring': 1}",0,0,0,0,0,0,6,0,0,1,0,0,0,0,0,0,0,0,0,0,0,0,0,0,0,1,0,0,8,98
voting-data,https://raw.githubusercontent.com/transparentdemocracy/voting-data/main/setup.py,python,31,"{'mixed-indentation': 1, 'bad-continuation': 21, '': 1, 'line-too-long': 1, 'trailing-newlines': 1, 'missing-docstring': 1}",0,0,0,0,0,0,21,0,0,1,0,0,0,0,0,0,0,0,0,0,1,0,0,0,0,1,0,0,0,2
mikeyhodl,https://raw.githubusercontent.com/mikeyhodl/mikeyhodl/main/mike.py,python,11,"{' time.localtime(time.time(': 2, 'bad-whitespace': 2, 'missing-docstring': 1}",0,0,0,0,0,0,0,0,0,1,0,0,0,0,0,0,0,0,0,0,0,0,0,0,0,0,0,0,2,2
arcam_fmj,https://raw.githubusercontent.com/elupus/arcam_fmj/master/setup.py,python,47,"{'bad-whitespace': 1, 'missing-docstring': 1}",0,0,0,0,0,0,0,0,0,1,0,0,0,0,0,0,0,0,0,0,0,0,0,0,0,0,0,0,1,0
norway-finance-statistics,https://raw.githubusercontent.com/frefrik/norway-finance-statistics/master/graphs.py,python,244,"{'missing-docstring': 1, 'import-error': 1}",0,0,0,0,0,0,0,0,0,1,0,0,0,0,0,0,0,0,0,0,0,0,1,0,0,0,0,0,0,0
SanderYaz,https://raw.githubusercontent.com/SanderYaz/SanderYaz/main/generate_images.py,python,119,"{'trailing-whitespace': 1, 'missing-docstring': 1}",0,1,0,0,0,0,0,0,0,1,0,0,0,0,0,0,0,0,0,0,0,0,0,0,0,0,0,0,0,0
Timer-sub,https://raw.githubusercontent.com/mikeyhodl/Timer-sub/main/timer.py,python,11,"{' time.localtime(time.time(': 2, 'bad-whitespace': 2, 'missing-docstring': 1}",0,0,0,0,0,0,0,0,0,1,0,0,0,0,0,0,0,0,0,0,0,0,0,0,0,0,0,0,2,2
airbyte-api-python-sdk,https://raw.githubusercontent.com/airbytehq/airbyte-api-python-sdk/main/setup.py,python,56,{},0,0,0,0,0,0,0,0,0,0,0,0,0,0,0,0,0,0,0,0,0,0,0,0,0,0,0,0,0,0
Contextualized,https://raw.githubusercontent.com/cnellington/Contextualized/main/tests.py,python,11,"{'missing-docstring': 1, 'import-error': 6, 'wildcard-import': 6}",0,0,0,0,6,0,0,0,0,1,0,0,0,0,0,0,0,0,0,0,0,0,6,0,0,0,0,0,0,0
pygeoprocessing,https://raw.githubusercontent.com/natcap/pygeoprocessing/main/setup.py,python,97,{'import-error': 1},0,0,0,0,0,0,0,0,0,0,0,0,0,0,0,0,0,0,0,0,0,0,1,0,0,0,0,0,0,0
hadith-every-hour,https://raw.githubusercontent.com/Ananto30/hadith-every-hour/main/main.py,python,49,{'missing-docstring': 1},0,0,0,0,0,0,0,0,0,1,0,0,0,0,0,0,0,0,0,0,0,0,0,0,0,0,0,0,0,0
FIX-Gateway,https://raw.githubusercontent.com/makerplane/FIX-Gateway/master/fixgw.py,python,22,"{'missing-docstring': 1, 'import-error': 1}",0,0,0,0,0,0,0,0,0,1,0,0,0,0,0,0,0,0,0,0,0,0,1,0,0,0,0,0,0,0
argopy-status,https://raw.githubusercontent.com/euroargodev/argopy-status/master/check_save_status.py,python,72,{'missing-docstring': 1},0,0,0,0,0,0,0,0,0,1,0,0,0,0,0,0,0,0,0,0,0,0,0,0,0,0,0,0,0,0
ml-metrics,https://raw.githubusercontent.com/google/ml-metrics/main/setup.py,python,11,{},0,0,0,0,0,0,0,0,0,0,0,0,0,0,0,0,0,0,0,0,0,0,0,0,0,0,0,0,0,0
elementary-tutorial,https://raw.githubusercontent.com/elementary-data/elementary-tutorial/main/setup.py,python,36,{'missing-docstring': 1},0,0,0,0,0,0,0,0,0,1,0,0,0,0,0,0,0,0,0,0,0,0,0,0,0,0,0,0,0,0
latest-releases,https://raw.githubusercontent.com/coreos/latest-releases/main/sync.py,python,73,{'missing-docstring': 1},0,0,0,0,0,0,0,0,0,1,0,0,0,0,0,0,0,0,0,0,0,0,0,0,0,0,0,0,0,0
dummy,https://raw.githubusercontent.com/LindseyB/dummy/trunk/make_commits.py,python,31,"{'line-too-long': 1, '': 6, 'bad-whitespace': 7, 'bad-continuation': 16, 'trailing-whitespace': 1, 'mixed-indentation': 2, 'missing-docstring': 1}",0,1,0,0,0,0,16,0,0,1,0,0,0,0,0,0,0,0,0,0,0,0,0,0,0,1,0,0,7,8
crypto-market-raw-data,https://raw.githubusercontent.com/crypto-crawler/crypto-market-raw-data/main/market-crawler.py,python,62,{'missing-docstring': 1},0,0,0,0,0,0,0,0,0,1,0,0,0,0,0,0,0,0,0,0,0,0,0,0,0,0,0,0,0,0
rail,https://raw.githubusercontent.com/LSSTDESC/rail/main/setup.py,python,4,{'missing-docstring': 1},0,0,0,0,0,0,0,0,0,1,0,0,0,0,0,0,0,0,0,0,0,0,0,0,0,0,0,0,0,0
data-studio-projects-2024,https://raw.githubusercontent.com/jsoma/data-studio-projects-2024/main/ai_editor.py,python,115,{'parse-error': 1},0,0,0,0,0,0,0,0,0,0,0,0,0,0,0,1,0,0,0,0,0,0,0,0,0,0,0,0,0,0
petkitaio,https://raw.githubusercontent.com/RobertD502/petkitaio/main/setup.py,python,32,"{'line-too-long': 1, 'bad-whitespace': 1, 'bad-continuation': 2, 'missing-docstring': 1}",0,0,0,0,0,0,2,0,0,1,0,0,0,0,0,0,0,0,0,0,0,0,0,0,0,1,0,0,1,0
hive-agent-py,https://raw.githubusercontent.com/hivenetwork-ai/hive-agent-py/main/setup.py,python,20,{'missing-docstring': 1},0,0,0,0,0,0,0,0,0,1,0,0,0,0,0,0,0,0,0,0,0,0,0,0,0,0,0,0,0,0
bypass-virus-total,https://raw.githubusercontent.com/Lawxsz/bypass-virus-total/main/kerpy.py,python,124,"{'trailing-whitespace': 12, 'line-too-long': 3, 'bad-indentation': 43, 'missing-docstring': 1}",0,12,0,0,0,0,0,0,0,1,0,0,0,0,0,0,0,0,0,0,0,0,0,0,0,3,0,0,0,43
chakra,https://raw.githubusercontent.com/mlcommons/chakra/main/setup.py,python,10,{'missing-docstring': 1},0,0,0,0,0,0,0,0,0,1,0,0,0,0,0,0,0,0,0,0,0,0,0,0,0,0,0,0,0,0
paper-list,https://raw.githubusercontent.com/isLinXu/paper-list/main/get_paper.py,python,94,"{'fixme': 3, 'bad-whitespace': 1, 'line-too-long': 2, 'missing-final-newline': 1, 'mixed-line-endings': 1, 'missing-docstring': 1}",0,0,0,0,0,0,0,0,0,1,0,0,0,0,0,0,0,0,0,0,0,0,0,0,0,2,0,0,1,5
OG-USA,https://raw.githubusercontent.com/PSLmodels/OG-USA/master/setup.py,python,58,{'missing-docstring': 1},0,0,0,0,0,0,0,0,0,1,0,0,0,0,0,0,0,0,0,0,0,0,0,0,0,0,0,0,0,0
MWIApi,https://raw.githubusercontent.com/holychikenz/MWIApi/main/GenerateMedian.py,python,32,"{'""file:market.db?mode=ro"",uri=True': 1, 'bad-whitespace': 1, 'missing-docstring': 2, 'invalid-name': 1}",0,0,0,0,0,0,0,0,0,2,0,1,0,0,0,0,0,0,0,0,0,0,0,0,0,0,0,0,1,1
farmrpg-wiki-archive,https://raw.githubusercontent.com/coderanger/farmrpg-wiki-archive/main/main.py,python,107,"{'fixme': 1, 'missing-docstring': 1}",0,0,0,0,0,0,0,0,0,1,0,0,0,0,0,0,0,0,0,0,0,0,0,0,0,0,0,0,0,1
imps,https://raw.githubusercontent.com/cpmpercussion/imps/master/start_impsy.py,python,12,{'import-error': 1},0,0,0,0,0,0,0,0,0,0,0,0,0,0,0,0,0,0,0,0,0,0,1,0,0,0,0,0,0,0
pypi,https://raw.githubusercontent.com/getsentry/pypi/main/validate.py,python,176,"{'bad-continuation': 5, 'missing-docstring': 1}",0,0,0,0,0,0,5,0,0,1,0,0,0,0,0,0,0,0,0,0,0,0,0,0,0,0,0,0,0,0
pypi,https://raw.githubusercontent.com/getsentry/pypi/main/upgrade_all.py,python,39,"{'argv: Sequence[str] | None = None': 1, 'bad-whitespace': 1, 'missing-docstring': 1}",0,0,0,0,0,0,0,0,0,1,0,0,0,0,0,0,0,0,0,0,0,0,0,0,0,0,0,0,1,1
rq-dashboard-fast,https://raw.githubusercontent.com/Hannes221/rq-dashboard-fast/main/app.py,python,19,{'missing-docstring': 1},0,0,0,0,0,0,0,0,0,1,0,0,0,0,0,0,0,0,0,0,0,0,0,0,0,0,0,0,0,0
hidingbar,https://raw.githubusercontent.com/curseforge-mirror/hidingbar/master/repo_setup.py,python,58,"{'line-too-long': 1, 'missing-docstring': 1}",0,0,0,0,0,0,0,0,0,1,0,0,0,0,0,0,0,0,0,0,0,0,0,0,0,1,0,0,0,0
prysmax,https://raw.githubusercontent.com/Lawxsz/prysmax/main/setup.py,python,93,"{'line-too-long': 7, 'bad-whitespace': 1, 'missing-docstring': 1}",0,0,0,0,0,0,0,0,0,1,0,0,0,0,0,0,0,0,0,0,0,0,0,0,0,7,0,0,1,0
CleanroomMMC,https://raw.githubusercontent.com/CleanroomMC/CleanroomMMC/main/Util.py,python,75,{'missing-docstring': 1},0,0,0,0,0,0,0,0,0,1,0,0,0,0,0,0,0,0,0,0,0,0,0,0,0,0,0,0,0,0
p_lnp_bot,https://raw.githubusercontent.com/michiexile/p_lnp_bot/main/plnp.py,python,20,"{'line-too-long': 1, 'bad-continuation': 1, 'missing-docstring': 1, 'import-error': 1}",0,0,0,0,0,0,1,0,0,1,0,0,0,0,0,0,0,0,0,0,0,0,1,0,0,1,0,0,0,0
ingestion-csvs,https://raw.githubusercontent.com/oceanobservatories/ingestion-csvs/master/find_raw_cabled_files.py,python,109,"{'""Invalid Reference Designator Format""': 1, 'syntax-error': 1}",0,0,0,0,0,0,0,0,0,0,0,0,0,0,0,0,0,0,0,0,0,0,0,0,0,0,1,0,0,1
flybody,https://raw.githubusercontent.com/TuragaLab/flybody/main/setup.py,python,63,{},0,0,0,0,0,0,0,0,0,0,0,0,0,0,0,0,0,0,0,0,0,0,0,0,0,0,0,0,0,0
sentry-kafka-schemas,https://raw.githubusercontent.com/getsentry/sentry-kafka-schemas/main/setup.py,python,25,{'missing-docstring': 1},0,0,0,0,0,0,0,0,0,1,0,0,0,0,0,0,0,0,0,0,0,0,0,0,0,0,0,0,0,0
programming-calculus-1,https://raw.githubusercontent.com/LucasRodriguesEstorckPinto/programming-calculus-1/main/versao_2_codigo_fonte.py,python,93,{'parse-error': 1},0,0,0,0,0,0,0,0,0,0,0,0,0,0,0,1,0,0,0,0,0,0,0,0,0,0,0,0,0,0
proyecto_descuentos2,https://raw.githubusercontent.com/pablomarello/proyecto_descuentos2/main/manage.py,python,23,{},0,0,0,0,0,0,0,0,0,0,0,0,0,0,0,0,0,0,0,0,0,0,0,0,0,0,0,0,0,0
RiC,https://raw.githubusercontent.com/YangRui2015/RiC/main/plot.py,python,104,"{'trailing-whitespace': 5, 'line-too-long': 8, '(points[np.where(remaining_index': 1, 'bad-whitespace': 3, 'trailing-newlines': 1, 'missing-docstring': 1}",0,5,0,0,0,0,0,0,0,1,0,0,0,0,0,0,0,0,0,0,1,0,0,0,0,8,0,0,3,1
mediawiki-extensions,https://raw.githubusercontent.com/wikimedia/mediawiki-extensions/master/sync-with-gerrit.py,python,111,"{'project': 1, 'bad-continuation': 2, 'missing-docstring': 1}",0,0,0,0,0,0,2,0,0,1,0,0,0,0,0,0,0,0,0,0,0,0,0,0,0,0,0,0,0,1
repository.bossanova808,https://raw.githubusercontent.com/bossanova808/repository.bossanova808/main/build.py,python,133,"{'line-too-long': 11, 'trailing-newlines': 1, 'missing-docstring': 1}",0,0,0,0,0,0,0,0,0,1,0,0,0,0,0,0,0,0,0,0,1,0,0,0,0,11,0,0,0,0
uv-pre-commit,https://raw.githubusercontent.com/astral-sh/uv-pre-commit/main/mirror.py,python,76,{'missing-docstring': 1},0,0,0,0,0,0,0,0,0,1,0,0,0,0,0,0,0,0,0,0,0,0,0,0,0,0,0,0,0,0
iptv-cutter,https://raw.githubusercontent.com/dp247/iptv-cutter/master/main.py,python,375,{'parse-error': 1},0,0,0,0,0,0,0,0,0,0,0,0,0,0,0,1,0,0,0,0,0,0,0,0,0,0,0,0,0,0
pyramid_swagger,https://raw.githubusercontent.com/Yelp/pyramid_swagger/master/setup.py,python,52,{'missing-docstring': 1},0,0,0,0,0,0,0,0,0,1,0,0,0,0,0,0,0,0,0,0,0,0,0,0,0,0,0,0,0,0
louis030195,https://raw.githubusercontent.com/louis030195/louis030195/main/lastfm.py,python,94,{'parse-error': 1},0,0,0,0,0,0,0,0,0,0,0,0,0,0,0,1,0,0,0,0,0,0,0,0,0,0,0,0,0,0
ape-etherscan,https://raw.githubusercontent.com/ApeWorX/ape-etherscan/main/setup.py,python,111,{'missing-docstring': 1},0,0,0,0,0,0,0,0,0,1,0,0,0,0,0,0,0,0,0,0,0,0,0,0,0,0,0,0,0,0
cooking_college,https://raw.githubusercontent.com/lee-youngseo/cooking_college/main/server.py,python,645,{'parse-error': 1},0,0,0,0,0,0,0,0,0,0,0,0,0,0,0,1,0,0,0,0,0,0,0,0,0,0,0,0,0,0
GitHubLineCounter,https://raw.githubusercontent.com/yasserbdj96/GitHubLineCounter/main/main.py,python,310,"{'trailing-whitespace': 5, 'GITHUB_ACCESS_TOKEN,GITHUB_USERNAME': 1, 'bad-whitespace': 14, 'line-too-long': 21, 'f""badges/{d[\'Language\']}"",f""{d[\'Language\']}_files.svg"", files': 1, 'f""badges/{d[\'Language\']}"",f""{d[\'Language\']}_total_lines.svg"", total_lines': 1, 'f""badges/{d[\'Language\']}"",f""{d[\'Language\']}_code_lines.svg"", code_lines': 1, 'f""badges/{d[\'Language\']}"",f""{d[\'Language\']}_comment_lines.svg"", comment_lines': 1, 'f""badges/{d[\'Language\']}"",f""{d[\'Language\']}_empty_lines.svg"", empty_lines': 1, 'f""badges"",f""total_files.svg"", total_files': 1, 'f""badges"",f""total_lines.svg"", total_total_lines': 1, 'f""badges"",f""total_code_lines.svg"", total_code_lines': 1, 'f""badges"",f""total_comment_lines.svg"", total_comment_lines': 1, 'f""badges"",f""total_empty_lines.svg"", total_empty_lines': 1, 'text': 1, 'main(': 1, 'missing-final-newline': 1, 'mixed-line-endings': 1, 'missing-docstring': 1}",0,5,0,0,0,0,0,0,0,1,0,0,0,0,0,0,0,0,0,0,0,0,0,0,0,21,0,0,14,15
farris-bot,https://raw.githubusercontent.com/illustrating-mathematics/farris-bot/master/gallery.py,python,13,"{""os.path.join(imgdir, 'index.html'"": 1, 'bad-whitespace': 1, 'trailing-newlines': 1, 'missing-docstring': 1}",0,0,0,0,0,0,0,0,0,1,0,0,0,0,0,0,0,0,0,0,1,0,0,0,0,0,0,0,1,1
platform-engineering-demo,https://raw.githubusercontent.com/dynatrace-perfclinics/platform-engineering-demo/main/utils.py,python,382,"{'fixme': 1, 'bad-whitespace': 6, 'line-too-long': 20, 'trailing-whitespace': 4, 'bad-continuation': 4, 'bad-indentation': 2, 'missing-docstring': 1}",0,4,0,0,0,0,4,0,0,1,0,0,0,0,0,0,0,0,0,0,0,0,0,0,0,20,0,0,6,3
uk-notam-archive,https://raw.githubusercontent.com/Jonty/uk-notam-archive/main/download_briefing_sheets.py,python,41,"{'line-too-long': 1, 'missing-docstring': 1}",0,0,0,0,0,0,0,0,0,1,0,0,0,0,0,0,0,0,0,0,0,0,0,0,0,1,0,0,0,0
TGB_Baselines,https://raw.githubusercontent.com/fpour/TGB_Baselines/main/evaluate_models_utils.py,python,390,{'parse-error': 1},0,0,0,0,0,0,0,0,0,0,0,0,0,0,0,1,0,0,0,0,0,0,0,0,0,0,0,0,0,0
details,https://raw.githubusercontent.com/curseforge-mirror/details/master/repo_setup.py,python,58,"{'line-too-long': 1, 'missing-docstring': 1}",0,0,0,0,0,0,0,0,0,1,0,0,0,0,0,0,0,0,0,0,0,0,0,0,0,1,0,0,0,0
Auto-GPT-zh,https://raw.githubusercontent.com/RiseInRose/Auto-GPT-zh/main/main.py,python,4,"{'missing-final-newline': 1, 'mixed-line-endings': 1, 'missing-docstring': 1}",0,0,0,0,0,0,0,0,0,1,0,0,0,0,0,0,0,0,0,0,0,0,0,0,0,0,0,0,0,2
czech-weather,https://raw.githubusercontent.com/filiptronicek/czech-weather/master/main.py,python,74,"{'line-too-long': 3, 'trailing-whitespace': 1, 'bad-indentation': 3, 'csvArr': 1, 'bad-whitespace': 1, 'trailing-newlines': 1, 'missing-docstring': 1, 'import-error': 1}",0,1,0,0,0,0,0,0,0,1,0,0,0,0,0,0,0,0,0,0,1,0,1,0,0,3,0,0,1,4
rafnixg,https://raw.githubusercontent.com/rafnixg/rafnixg/master/app.py,python,34,"{'line-too-long': 1, 'missing-docstring': 1}",0,0,0,0,0,0,0,0,0,1,0,0,0,0,0,0,0,0,0,0,0,0,0,0,0,1,0,0,0,0
overview,https://raw.githubusercontent.com/its-a-feature/overview/main/get_repo_data.py,python,273,{'line-too-long': 1},0,0,0,0,0,0,0,0,0,0,0,0,0,0,0,0,0,0,0,0,0,0,0,0,0,1,0,0,0,0
nlp-arxiv-daily,https://raw.githubusercontent.com/monologg/nlp-arxiv-daily/master/daily_arxiv.py,python,420,"{'fixme': 7, 'line-too-long': 9, 'missing-docstring': 1}",0,0,0,0,0,0,0,0,0,1,0,0,0,0,0,0,0,0,0,0,0,0,0,0,0,9,0,0,0,7
twitch-emotes-v2,https://raw.githubusercontent.com/curseforge-mirror/twitch-emotes-v2/master/repo_setup.py,python,58,"{'line-too-long': 1, 'missing-docstring': 1}",0,0,0,0,0,0,0,0,0,1,0,0,0,0,0,0,0,0,0,0,0,0,0,0,0,1,0,0,0,0
stab_debuginfo_utils,https://raw.githubusercontent.com/uyjulian/stab_debuginfo_utils/main/json2pcode.py,python,801,"{'fixme': 2, 'mixed-indentation': 464, 'bad-continuation': 120, 'line-too-long': 13, 'pr_dispatch(info[""type""],  ""*"" if name == None else ""*"" + name': 1, 'bad-whitespace': 1, 'superfluous-parens': 2, 'trailing-newlines': 1, 'missing-docstring': 2, 'invalid-name': 2}",0,0,0,0,0,0,120,0,0,2,0,2,0,0,0,0,0,0,0,0,1,0,0,0,0,13,0,0,1,469
rss-news,https://raw.githubusercontent.com/osmosis-labs/rss-news/main/generate_rss.py,python,83,"{'missing-docstring': 1, 'import-error': 2}",0,0,0,0,0,0,0,0,0,1,0,0,0,0,0,0,0,0,0,0,0,0,2,0,0,0,0,0,0,0
stargaze-nft-snapshots,https://raw.githubusercontent.com/Reecepbcups/stargaze-nft-snapshots/main/main.py,python,194,"{'fixme': 1, 'line-too-long': 3}",0,0,0,0,0,0,0,0,0,0,0,0,0,0,0,0,0,0,0,0,0,0,0,0,0,3,0,0,0,1
splashcat,https://raw.githubusercontent.com/splashcat-ink/splashcat/main/manage.py,python,23,{},0,0,0,0,0,0,0,0,0,0,0,0,0,0,0,0,0,0,0,0,0,0,0,0,0,0,0,0,0,0
